2025-06-25T15:31:30.528033,demo1,PASS
2025-06-25T15:32:32.543756,demo1,PASS
2025-06-25T15:33:34.319686,demo1,PASS
2025-06-25T15:34:36.112449,demo1,PASS
2025-06-25T15:35:37.812358,demo1,PASS
2025-06-25T15:36:39.575519,demo1,FAIL
2025-06-25T15:37:42.244188,demo1,PASS
2025-06-25T15:38:44.132384,demo1,PASS
2025-06-25T15:39:45.833874,demo1,PASS
2025-06-25T15:40:47.601177,demo1,PASS
2025-06-25T15:41:49.312050,demo1,PASS
2025-06-25T15:42:51.057305,demo1,PASS
2025-06-25T15:43:52.788072,demo1,PASS
2025-06-25T15:44:54.522673,demo1,PASS
2025-06-25T15:45:56.300370,demo1,PASS
2025-06-25T15:46:58.156790,demo1,FAIL
2025-06-25T15:47:59.815143,demo1,PASS
2025-06-25T15:49:01.502418,demo1,PASS
2025-06-25T15:50:03.186023,demo1,PASS
2025-06-25T15:51:05.289056,demo1,PASS
2025-06-25T15:52:07.408364,demo1,PASS
2025-06-25T15:53:09.094176,demo1,PASS
2025-06-25T15:54:10.801674,demo1,PASS
2025-06-25T15:55:12.479917,demo1,PASS
2025-06-25T15:56:14.184047,demo1,PASS
